{"assets/app_icon.png":["assets/app_icon.png"],"assets/caratcam_icon.png":["assets/caratcam_icon.png"],"assets/data/watch_models_autocomplete.json":["assets/data/watch_models_autocomplete.json"],"assets/icons/Icon-192.png":["assets/icons/Icon-192.png"],"assets/icons/Icon-512.png":["assets/icons/Icon-512.png"],"assets/icons/Icon-maskable-192.png":["assets/icons/Icon-maskable-192.png"],"assets/icons/Icon-maskable-512.png":["assets/icons/Icon-maskable-512.png"],"assets/overlay.png":["assets/overlay.png"],"packages/cupertino_icons/assets/CupertinoIcons.ttf":["packages/cupertino_icons/assets/CupertinoIcons.ttf"]}